_step,rewards/step,losses/bounds_loss,rewards/iter,_runtime,shaped_rewards/step,shaped_rewards/time,episode_lengths/iter,episode_lengths/step,losses/c_loss,info/epochs,performance/rl_update_time,info/last_lr,performance/step_inference_rl_update_fps,info/kl,global_step,_timestamp,info/e_clip,losses/a_loss,shaped_rewards/iter,performance/step_time,performance/step_inference_fps,performance/step_inference_time,rewards/time,episode_lengths/time,losses/entropy,performance/step_fps,info/lr_mul
7,,,,164.947986618,,,,,1.7008741,,,,,,0.0,1767662645.9419782,,,,,,,,,,,
33,,,,164.94964685,,,,,,,1.0491217,,,,524288.0,1767662709.1300702,,,,,,,,,,,
149,,1.9435674e-06,,404.999144452,,,,,,,,,,,2359296.0,1767662931.34721,,,,,,,,,,,
150,,,,404.999165112,,,,,,,,,8273.759,,2621440.0,1767662963.0438912,,,,,,,,,,,
233,,,,645.042941721,,,,,,,,,,,3932160.0,1767663120.946785,,,,,,,,,19.564411,,
251,,,,645.043240901,,,,,,,,,,,4194304.0,1767663151.879418,0.2,,,,,,,,,,
274,,,,765.06534641,,,,,,,,,,,4718592.0,1767663214.249206,,,,,,30.407503,,,,,
340,,,,885.090118952,,,,,,,,,,,5767168.0,1767663341.4177294,,,,,,,,,,,1.0
370,,,,885.090662601,,,,,,,,,,,6291456.0,1767663405.7238271,,,,,,,,,,,1.0
396,,,,1005.110897272,,,,,,,,,,,6815744.0,1767663470.2697089,,-0.0010651825,,,,,,,,,
471,,,,1125.133889798,,,,,,,,,,,8126464.0,1767663630.5579832,,0.0028347373,,,,,,,,,
504,,,,1245.157092856,,,,,,,,0.0001156102,,,8650752.0,1767663694.9037313,,,,,,,,,,,
530,,,,1245.157625224,,,,,,,,,,,9175040.0,1767663759.0978868,,,,31.050188,,,,,,,
555,,,,1365.176322985,,,,,,,,,8247.168,,9699328.0,1767663822.9073033,,,,,,,,,,,
595,,,,1365.17769977,,,,,,,,,,,10223616.0,1767663886.6721683,,,,,,,,,,,1.0
689,,0.16340849,,1605.223589251,,,,,,,,,,,11796480.0,1767664080.3065972,,,,,,,,,,,
707,,,,1605.22397059,,,,,,,,,,,12320768.0,1767664145.0814211,,,,,,,,,,8426.311,
767,,,,1725.252422709,,,,,,,,,,,13369344.0,1767664273.2631905,,,,,,,,,,8423.723,
775,,,,1725.252755237,,,,,,,,,,,13369344.0,1767664273.2669683,,,,,,,,,,,1.0
788,,,,1845.276385649,,,,,,,,,,,13631488.0,1767664305.500605,,,,,,,,,18.54331,,
872,,,,1965.298411313,,,,,,,,,,,15204352.0,1767664498.5241175,,,,,,,,,,8470.467,
974,,0.2648107,,2205.339075998,,,,,,,,,,,16777216.0,1767664689.5796504,,,,,,,,,,,
980,,,,2205.339262727,,,,,,,,,,,17039360.0,1767664721.3887784,,,,31.074106,,,,,,,
1031,,,,2325.360297038,,,,,,,,,,,17825792.0,1767664817.2785275,0.2,,,,,,,,,,
1050,,,,2325.360643216,,,,,,,,,8126.53,,18350080.0,1767664881.5052419,,,,,,,,,,,
1118,,,,2445.384095691,,,,,,,,,,,19398656.0,1767665010.279975,,,,,,,,,17.634325,,
1145,,,,2535.400425894,,,,,,,,,,,19660800.0,1767665042.3154993,0.2,,,,,,,,,,
1230,,,,2630.418591743,,,,,,,,,8143.504,,20709376.0,1767665171.394482,,,,,,,,,,,
1234,,,,2630.418662612,,,,,,,,,,,20709376.0,1767665171.3946211,,,,,,31.172504,,,,,
1271,,,,2630.41934501,,,,,,,,,,,2588.0,1767665203.6494744,,,,,,,223.25706,,,,
1299,,,,2685.430903115,,,,2399.0,,,,,,,21233664.0,1767665235.7766035,,,,,,,,,,,
1395,,,,2805.455624465,,,,2399.0,,,,,,,22282240.0,1767665362.9911997,,,,,,,,,,,
1399,,,,2890.470587163,,,,,,,,,,,22544384.0,1767665395.0544593,,,,,8401.08,,,,,,
1456,,,,2890.471883287,,,,,,,,,,,23068672.0,1767665459.8112595,,,,,,,,,,,1.0
1545,,,,3015.497924597,,,,,,,1.0430725,,,,24117248.0,1767665588.5530019,,,,,,,,,,,
1558,,,223.25706,3015.498279916,,,,,,,,,,,93.0,1767665588.5605254,,,,,,,,,,,
1563,,,,3015.498425285,,,,2399.0,,,,,,,24117248.0,1767665588.5606322,,,,,,,,,,,
1597,,,,3115.514135759,,,,,3.693031e-05,,,,,,24641536.0,1767665652.45245,,,,,,,,,,,
1610,,,,3115.514332748,,232.8915,,,,,,,,,3036.0,1767665652.4539492,,,,,,,,,,,
1638,,,,3165.524080486,,,,,,,,,8290.767,,25165824.0,1767665715.8682346,,,,,,,,,,,
1868,,2.652297,,3500.588354547,,,,,,,,,,,27525120.0,1767666005.7163866,,,,,,,,,,,
1973,,,,3595.608528138,,,,,,,,,,,3518.0,1767666134.0976517,,,,,,,,2399.0,,,
1985,,,,3595.608885296,,,,,,,,,,,28835840.0,1767666166.3731086,0.2,,,,,,,,,,
2024,,,,3725.632715682,,,,,,,,,,,29360128.0,1767666231.0232732,,,,,,,,,,8391.752,
2051,,,,3725.633617628,,,,,,,,,,,29622272.0,1767666263.2781608,,,,31.272247,,,,,,,
2070,,,,3725.634279056,,,,,,,,,8138.9175,,29884416.0,1767666295.5116425,,,,,,,,,,,
2076,,,,3725.634398775,,,,,,,,,,,29884416.0,1767666295.5211284,,0.00080142636,,,,,,,,,
2094,,,,3765.641477033,,,,,,,,,8109.1284,,30146560.0,1767666327.86648,,,,,,,,,,,
2185,,,,3855.660173904,,,,,,,,,,,119.0,1767666424.8607817,,,232.8915,,,,,,,,
2211,,,,3950.676540214,,,,2399.0,,,,,,,31195136.0,1767666457.258079,,,,,,,,,,,
2214,,,,3950.676589963,,,,,,,,,8200.309,,31457280.0,1767666489.233242,,,,,,,,,,,
2225,,,,3950.676790442,,,,,,,,,,,31457280.0,1767666489.2381277,0.2,,,,,,,,,,
2226,,,,3950.676808022,,,,,,,,,,0.0131550785,31457280.0,1767666489.2384124,,,,,,,,,,,
2253,223.25706,,,3950.678604955,,,,,,,,,,,31719424.0,1767666521.915575,,,,,,,,,,,
2272,,,,4005.68668759,,,,,,,,,,,31981568.0,1767666554.0838468,,,,,,,,,,,1.0
2318,,,,4080.699701898,,,,,,,,,,,32505856.0,1767666618.3309693,,,,,,,,,14.651611,,
2324,,3.9524524,,4080.700044886,,,,,,,,,,,32505856.0,1767666618.3317115,,,,,,,,,,,
2329,,,,4080.700195086,,,,,,,,,,,125.0,1767666618.3321226,,,232.8915,,,,,,,,
2348,,3.9506211,,4080.700660084,,,,,,,,,,,32768000.0,1767666650.682568,,,,,,,,,,,
2354,,,,4080.700799403,,232.8915,,,,,,,,,4033.0,1767666650.6830158,,,,,,,,,,,
2449,,,,4210.729804544,,,,,,,,,,,130.0,1767666779.6015613,,,232.8915,,,,,,,,
2514,,,,4335.751736767,,,,,,,,,,0.01589872,34603008.0,1767666876.785794,,,,,,,,,,,
2533,,,,4335.752057225,,,,,1.3722866e-05,,,,,,34865152.0,1767666908.6943808,,,,,,,,,,,
2540,,4.1764603,,4335.752137705,,,,,,,,,,,34865152.0,1767666908.6957982,,,,,,,,,,,
2547,,,,4335.752255715,,,,2399.0,,,,,,,34865152.0,1767666908.6962967,,,,,,,,,,,
2610,,,,4435.773484099,,,,,,,,,,0.014106439,35651584.0,1767667005.9490948,,,,,,,,,,,
2646,,,,4565.800353823,,,,,,,,,8069.2046,,36175872.0,1767667070.9401555,,,,,,,,,,,
2648,,,,4565.800422783,,,,,,,,,,,36175872.0,1767667070.9411054,,,,,,,,,,8349.197,
2752,,,,4690.825654981,,,,,,,,,,,37224448.0,1767667199.8856306,,,,,,,,,,,1.0
2782,,,223.25706,4690.826579297,,,,,,,,,,,144.0,1767667231.6798034,,,,,,,,,,,
3051,,,,5045.89929439,,,,2399.0,,,,,,,40370176.0,1767667586.436563,,,,,,,,,,,
3098,,,,5085.906204381,,248.2097,,,,,,,,,5033.0,1767667651.1845891,,,,,,,,,,,
3170,,,,5175.926542123,,248.2097,,,,,,,,,5130.0,1767667748.0914903,,,,,,,,,,,
3224,,,,5275.945730209,,,,,,,,,,,42467328.0,1767667844.7182584,,,,,,,,,,8383.408,
3247,,,,5325.952956134,,,,,,,,,,,42729472.0,1767667877.068958,,,,,8370.046,,,,,,
3255,,,,5325.953074663,,,,,,,,0.00012974633,,,42729472.0,1767667877.0735736,,,,,,,,,,,
3351,,,,5445.978582907,,,,,,,,3.375e-06,,,43778048.0,1767668006.4154847,,,,,,,,,,,
3426,,,,5530.997424073,,,,,,,,,,0.015093618,44564480.0,1767668103.486898,,,,,,,,,,,
3451,,,,5566.004071007,,,,,,172.0,,,,,44826624.0,1767668135.966929,,,,,,,,,,,
3503,,,,5661.024766923,,,,,,,,,,,5582.0,1767668200.23177,,,,,,,238.26724,,,,
3537,,,,5756.038885782,,,,,,,0.9771655,,,,45875200.0,1767668264.6419718,,,,,,,,,,,
3555,,,,5756.0392484,,,,2399.0,,,,,,,45875200.0,1767668264.6461964,,,,,,,,,,,
3576,,,,5756.039620607,248.2097,,,,,,,,,,46137344.0,1767668297.1413894,,,,,,,,,,,
3669,238.26724,,,5886.065376248,,,,,,,,,,,47185920.0,1767668426.68565,,,,,,,,,,,
3684,,,,5886.065703306,,,,,,,,,,,47448064.0,1767668459.0012808,,0.0009275824,,,,,,,,,
3711,,,,5926.072139787,,,,,,,,1.5e-06,,,47710208.0,1767668491.552481,,,,,,,,,,,
3715,,,,5926.072187577,,,,,,183.0,,,,,47710208.0,1767668491.553063,,,,,,,,,,,
3731,,,,6016.08934798,,,,,,,,,,,47972352.0,1767668524.0571861,,,,31.38846,,,,,,,
3807,,,,6116.109881879,,,,,,,,1e-06,,,48758784.0,1767668621.0034237,,,,,,,,,,,
3879,,,,6166.120621688,,,,,,,,2.25e-06,,,49545216.0,1767668718.9334848,,,,,,,,,,,
3887,,,,6166.120710278,,,,,,,,,,,6100.0,1767668718.934645,,,,,,,238.26724,,,,
3946,,,,6246.139269158,,,,,,,,,,,50331648.0,1767668815.8743083,,,,,,31.35391,,,,,
3963,,,,6246.139588566,,,,2399.0,,,,,,,50331648.0,1767668815.8797004,,,,,,,,,,,
3981,238.26724,,,6286.148414718,,,,,,,,,,,50593792.0,1767668847.9517717,,,,,,,,,,,
4059,,,,6371.165743891,,,,2399.0,,,,,,,51380224.0,1767668944.5337496,,,,,,,,,,,
4115,,,,6501.18782458,,,,,,,,,,,52166656.0,1767669041.1805086,,,,31.314083,,,,,,,
4224,,,,6601.205280185,248.2097,,,,,,,,,,53215232.0,1767669169.934246,,,,,,,,,,,
4314,,,,6726.226813558,,,,,,,,,,0.010593021,54263808.0,1767669298.3110662,,,,,,,,,,,
4366,,,238.26724,6856.252629908,,,,,,,,,,,210.0,1767669363.0132883,,,,,,,,,,,
4415,,,,6856.253525964,,,,,,,,,,,6808.0,1767669427.7750566,,,,,,,238.26724,,,,
4562,,,,7081.297043357,,248.2097,,,,,,,,,7002.0,1767669621.9310193,,,,,,,,,,,
4626,,,,7211.321158376,,,,,,,,,,0.04050205,57671680.0,1767669718.8100572,,,,,,,,,,,
4691,,,,7246.327661454,,,,,,,,,,,58458112.0,1767669816.3512647,,,,31.415533,,,,,,,
4709,,,,7246.327873752,,,,,,,,,,,7197.0,1767669816.3563633,,,,,,,,2399.0,,,
4786,,,,7436.364779104,,,,,,,,,,,59506688.0,1767669945.9609828,,,,,,31.465036,,,,,
4787,,,,7436.364800194,,,,,,,,,,,59506688.0,1767669945.9610157,,,,31.362518,,,,,,,
4788,,,,7436.364821664,,,,,,,,,,,59506688.0,1767669945.9633417,,-0.0015487,,,,,,,,,
4796,,9.491523,,7436.365024843,,,,,,,,,,,59506688.0,1767669945.9657576,,,,,,,,,,,
4813,,,,7436.365495021,,,,,0.0001727493,,,,,,59768832.0,1767669977.8528717,,,,,,,,,,,
4851,,,,7436.366460476,,,,2399.0,,,,,,,60030976.0,1767670009.7483034,,,,,,,,,,,
4882,,,,7566.389584503,,,,,,,,,,,60555264.0,1767670073.137076,,,,,,31.008959,,,,,
4932,,,,7566.390968264,,,,,,,,,,,61079552.0,1767670138.0651495,,0.006492622,,,,,,,,,
4946,,,,7566.391319834,,250.52876,,,,,,,,,7518.0,1767670138.068167,,,,,,,,,,,
5015,,,,7696.415208885,,,,,,,,,,,7615.0,1767670235.2153893,,,,,,,240.51566,,,,
5122,,,,7851.446027397,,,,,,,,,,,63176704.0,1767670397.9715965,,,,,,31.539114,,,,,
5127,,,,7851.446172506,,,,,,,,1e-06,,,63176704.0,1767670397.9754322,,,,,,,,,,,
5140,,,,7851.446485376,,,2399.0,,,,,,,,242.0,1767670397.9772747,,,,,,,,,,,
5146,,,,7926.460910513,,,,,,,,,,,63438848.0,1767670430.4731166,,,,,,31.483393,,,,,
5244,,,,8056.48663031,,,,,,,,,,,64487424.0,1767670560.384123,,0.0006867349,,,,,,,,,
5300,,11.615326,,8056.487911416,,,,,,,,,,,65011712.0,1767670625.1087155,,,,,,,,,,,
5322,,,,8091.4944076,,,,,,,,,,0.020196531,65273856.0,1767670657.6242764,,,,,,,,,,,
5328,,,,8091.494515679,250.52876,,,,,,,,,,65273856.0,1767670657.6252048,,,,,,,,,,,
5389,,,,8186.513473673,,,,,1.961118e-05,,,,,,66060288.0,1767670755.3951044,,,,,,,,,,,
5430,,,,8281.530530968,,,,,,,,,8035.995,,66584576.0,1767670820.6667874,,,,,,,,,,,
5470,,,240.51566,8281.531259486,,,,,,,,,,,256.0,1767670853.060381,,,,,,,,,,,
5494,,,240.51566,8331.54062946,,,,,,,,,,,257.0,1767670885.4746702,,,,,,,,,,,
5518,,,240.51566,8411.556935885,,,,,,,,,,,258.0,1767670917.5928414,,,,,,,,,,,
5528,,,,8411.557161785,,,,,,,,,,,67633152.0,1767670950.0472202,,,,,,,,,,8368.408,
5591,,,,8451.564593579,,,,,,,,,,,8395.0,1767671014.975781,,,,,,,240.51566,,,,
5600,,,,8541.580110149,,,,,,,,,,,68419584.0,1767671047.027097,,,,,,,,,,8414.074,
5864,,,,8896.651788564,,,,,,,,,,,71303168.0,1767671403.2629344,,,,,,,,,,8353.353,
5897,,,,8896.65280513,,,,,,,,,,,71565312.0,1767671435.577808,0.2,,,,,,,,,,
5921,,,,8896.653508048,,,,,,,,,,,71827456.0,1767671467.96219,0.2,,,,,,,,,,
5977,,,,9026.680139168,,,,,,,,,,,277.0,1767671532.7008615,,,250.52876,,,,,,,,
5993,,,,9026.680393627,,,,,,,,,,,72613888.0,1767671564.9451513,0.2,,,,,,,,,,
6034,,,,9121.698906151,,,,,,,,,,,73138176.0,1767671629.7167969,,,,,,31.428705,,,,,
6098,,,,9121.700245406,,250.52876,,,,,,,,,9074.0,1767671694.2581117,,,,,,,,,,,
6129,,,,9251.727225172,,,,,,,1.0395356,,,,74186752.0,1767671759.0005112,,,,,,,,,,,
6200,,,,9291.735937841,,,,,,,,,,,74973184.0,1767671856.0418305,,,,,,,,,,8381.829,
6301,,,,9476.76871537,,,,,1.9052444e-05,,,,,,76021760.0,1767671985.4701202,,,,,,,,,,,
6315,,,,9476.768874859,,,,2399.0,,,,,,,76021760.0,1767671985.4714215,,,,,,,,,,,
6434,,,,9606.79470742,,250.52876,,,,,,,,,9526.0,1767672147.236354,,,,,,,,,,,
6526,,,240.89665,9736.82152726,,,,,,,,,,,300.0,1767672277.4511018,,,,,,,,,,,
6608,,,,9836.842183896,,,,,,,,,,,79429632.0,1767672405.8789074,,,,,,,,,,8479.143,
6645,240.89665,,,9891.852800249,,,,,,,,,,,79691776.0,1767672437.512084,,,,,,,,,,,
6690,,,,9961.865815867,,,,,,,,,,0.011475927,80216064.0,1767672501.435855,,,,,,,,,,,
6723,,,,9961.866307278,,,,2399.0,,,,,,,80478208.0,1767672533.5322404,,,,,,,,,,,
6725,,,,10011.874091618,,,,,,,,,,,9912.0,1767672533.5322778,,,,,,,,2399.0,,,
6731,,,,10011.874173188,,,,,,,,,,,80740352.0,1767672565.4156446,,,,31.091267,,,,,,,
6760,,,,10091.887679148,,,,,,,,,,,81002496.0,1767672597.303088,,,,,,,,,,,1.0
6783,,,,10091.888343898,,,,,,,,3.844336e-05,,,81264640.0,1767672629.3388944,,,,,,,,,,,
6800,,,,10091.888622028,,,,,,,,,,,81526784.0,1767672661.4004054,,,,,,,,,,8388.211,
6850,,,,10216.911659064,,,,,,,,,,,82051072.0,1767672725.3780634,,,,,,31.289728,,,,,
6903,,,,10216.912700443,,,,,,,,0.00012974633,,,82575360.0,1767672789.3368924,,,,,,,,,,,
6976,,,,10346.934737177,,,,,,,,,,,83361792.0,1767672885.2501526,,,,,,,,,,,1.0
7093,,,,10491.95810398,,,,,2.4561412e-05,,,,,,84672512.0,1767673045.7957168,,,,,,,,,,,
7143,,,,10571.971956149,,,,,,,,2.25e-06,,,85196800.0,1767673109.8366382,,,,,,,,,,,
7155,,,,10571.972085939,,,,2399.0,,,,,,,85196800.0,1767673109.837795,,,,,,,,,,,
7157,,,,10571.972107119,,,,,,,,,,,10488.0,1767673109.8378322,,,,,,,,2399.0,,,
7180,,,,10611.980304144,,,2399.0,,,,,,,,327.0,1767673141.9502625,,,,,,,,,,,
7208,,,,10696.994581998,,,,,,,,,,,85983232.0,1767673206.0520763,,,,,,,,,,8400.274,
7210,,,,10696.994614418,,,,,,,,,,,85983232.0,1767673206.0521255,,,,,,31.280367,,,,,
7283,,,,10732.002407368,,,,,,,,,,,86769664.0,1767673302.2366664,,,,31.289198,,,,,,,
7328,,,,10827.020273997,,,,,,,,,,,87293952.0,1767673366.4675896,,,,,,,,,,8390.574,
7370,,,,10827.021012605,,250.8444,,,,,,,,,10777.0,1767673398.26585,,,,,,,,,,,
7382,,,,10922.034766003,,,,,,,,,,,87818240.0,1767673430.098181,,,,,,,,,9.140531,,
7530,,,,11047.061632446,,,,,,,,,,0.012005109,89391104.0,1767673620.0898488,,,,,,,,,,,
7565,,,,11092.070038522,,,,,,,,,,,11030.0,1767673651.6587608,,,,,,,,2399.0,,,
7571,,,,11177.083443345,,,,,,,,,,,89915392.0,1767673683.1339889,,,,30.793285,,,,,,,
7578,,,,11177.083592435,,,,,,,,,,0.017992027,89915392.0,1767673683.1365266,,,,,,,,,,,
7592,,,,11177.083897694,,,,,,,,,,,90177536.0,1767673714.9919531,,,,,,,,,,8451.454,
7635,,,,11177.085046291,,,,2399.0,,,,,,,90439680.0,1767673746.8732195,,,,,,,,,,,
7833,,,,11522.154688335,,,,,,,0.5895722,,,,92798976.0,1767674031.651512,,,,,,,,,,,
7855,,,,11522.155079865,,,,,,,,,,,93061120.0,1767674063.2867262,,,,,8457.081,,,,,,
7869,240.89665,,,11522.155295174,,,,,,,,,,,93061120.0,1767674063.297285,,,,,,,,,,,
7933,,,,11652.17959946,,,,,2.0204909e-05,,,,,,93847552.0,1767674158.2683444,,,,,,,,,,,
8112,,,,11812.213076009,250.8444,,,,,,,,,,95682560.0,1767674379.1150284,,,,,,,,,,,
8163,,,,11902.231911939,,,,2399.0,,,,,,,96206848.0,1767674442.2798002,,,,,,,,,,,
8182,,,240.89665,11902.232304864,,,,,,,,,,,369.0,1767674473.7628994,,,,,,,,,,,
8265,,,,12052.259261165,,,,,,,0.5189057,,,,97517568.0,1767674599.8220997,,,,,,,,,,,
8372,,13.552561,,12172.282236286,,,,,,,,,,,98566144.0,1767674726.5239027,,,,,,,,,,,
8445,241.18289,,,12252.299530454,,,,,,,,,,,99352576.0,1767674821.7335896,,,,,,,,,,,
8501,,,,12377.322233235,,,,,,,,,,,12263.0,1767674885.1964946,,,,,,,,2399.0,,,
8653,,,,12597.362617342,,,,,2.0125055e-05,,,,,,101711872.0,1767675106.734913,,,,,,,,,,,
8688,,,,12597.363279927,251.13841,,,,,,,,,,101974016.0,1767675138.4395947,,,,,,,,,,,
8719,,,,12652.371183901,,,,,,,,,,,102498304.0,1767675201.575828,,,,,8462.743,,,,,,
8821,,,,12772.394046431,,,,,1.8470182e-05,,,,,,103546880.0,1767675327.9354005,,,,,,,,,,,
8840,,,,12852.407656107,,,,,,,,,,,103809024.0,1767675359.4138787,,,,,,,,,,8489.375,
8859,,,,12852.408227923,,,,2399.0,,,,,,,103809024.0,1767675359.4173136,,,,,,,,,,,
8873,,,,12852.408507891,,,,,,,,,,,104071168.0,1767675391.0313077,0.2,,,,,,,,,,
8909,,,,12892.416626115,,,,,,,,,,,12800.0,1767675422.9168928,,,,,,,,2399.0,,,
8931,,,,12892.417135672,,,,2399.0,,,,,,,104595456.0,1767675454.5993927,,,,,,,,,,,
9007,,,,13012.436293185,,,,,,,,,,,105644032.0,1767675581.3267145,,,,,8458.543,,,,,,
9073,,,,13107.454641096,,,,,,,,,,,406.0,1767675644.6151752,,,251.13841,,,,,,,,
9173,,,,13252.483758656,,,,,,,,,,,13148.0,1767675771.325285,,,,,,,,2399.0,,,
9238,,,241.18289,13327.495710582,,,,,,,,,,,413.0,1767675866.5482292,,,,,,,,,,,
9247,,,,13327.495905741,,,,,,,,,,,108265472.0,1767675898.1387815,,,,,8470.421,,,,,,
9371,,,,13492.525315752,,,,,,,,,,,109576192.0,1767676056.3285284,,,,30.936548,,,,,,,
9427,,,,13582.542758878,,,,,,421.0,,,,,110100480.0,1767676119.5086548,,,,,,,,,,,
9583,,,,13802.586445105,,,,,,,,,,,111935488.0,1767676341.371915,,,,,8448.816,,,,,,
9591,,,,13802.586709956,,,,,,,,2.5628906e-05,,,111935488.0,1767676341.375187,,,,,,,,,,,
9653,,,,13852.596302761,,,,,,,,,,,13781.0,1767676404.6714654,,,,,,,,2399.0,,,
9681,,,,13927.613609522,,,,,,,0.6116367,,,,112984064.0,1767676468.0361967,,,,,,,,,,,
9753,,,,14057.63594853,,,,,,,0.67749655,,,,113770496.0,1767676563.1842513,,,,,,,,,,,
9783,,,,14057.63662395,,,,,,,,1.1390625e-05,,,114032640.0,1767676594.8757544,,,,,,,,,,,
9807,,,,14057.63701437,,,,,,,,5.0625e-06,,,114294784.0,1767676626.6391606,,,,,,,,,,,
10027,,,,14407.697262852,,,,,,446.0,,,,,116654080.0,1767676913.5442762,,,,,,,,,,,
10058,,,,14407.69796875,,251.13841,,,,,,,,,14321.0,1767676945.192729,,,,,,,,,,,
10076,,16.637398,,14407.698354239,,,,,,,,,,,117178368.0,1767676977.1521125,,,,,,,,,,,
10111,,,,14532.723328641,,,,,,,,,,,117702656.0,1767677041.1681316,,,,,8375.689,,,,,,
10185,,,,14572.731961917,,,,,,,0.9213347,,,,118489088.0,1767677137.5171604,,,,,,,,,,,
10266,,,,14662.754594379,,,,,,,,,,0.018380813,119275520.0,1767677233.3124354,,,,,,,,,,,
10269,241.36795,,,14662.754667479,,,,,,,,,,,119275520.0,1767677233.313408,,,,,,,,,,,
10284,,,,14692.760502727,,,,,,,,,,,119537664.0,1767677265.6283643,,0.0029362738,,,,,,,,,
10440,,,,14887.798371539,251.31427,,,,,,,,,,121110528.0,1767677459.8378491,,,,,,,,,,,
10489,,,,15017.82581632,,,,,,,,,,,465.0,1767677523.8914368,,,251.31427,,,,,,,,
10492,,,,15017.82592744,,,2399.0,,,,,,,,465.0,1767677523.8914905,,,,,,,,,,,
10543,,,,15057.83565256,,,,,,,,,,,122421248.0,1767677620.6278949,,,,,8401.775,,,,,,
10576,,,,15147.857857026,,,,,,,,,,,122683392.0,1767677652.7760165,,,,,,,,,,,1.0
10627,,,,15147.859210991,,,,,,471.0,,,,,123207680.0,1767677717.415618,,,,,,,,,,,
10702,,,241.36795,15242.878462814,,,,,,,,,,,474.0,1767677814.5189085,,,,,,,,,,,
10770,,,,15372.903024418,,,,,,,,,,0.018021034,124780544.0,1767677910.1279337,,,,,,,,,,,
10784,,,,15372.903372227,,,,,,,,,,,125042688.0,1767677941.9405637,,,,,,,,,,8447.159,
10806,,,,15417.910684441,,,,,,,,,8188.2686,,125304832.0,1767677973.9775698,,,,,,,,,,,
10858,,,,15497.927249402,,,,,,,,,,,125829120.0,1767678037.9910426,,,,,,31.048203,,,,,
10985,,,,15627.954962097,,,,,,,,,,,127139840.0,1767678198.4795277,0.2,,,,,,,,,,
11059,,,,15722.972888538,,,,,,489.0,,,,,127926272.0,1767678295.0620883,,,,,,,,,,,
11184,,,,15898.010946051,251.31427,,,,,,,,,,129236992.0,1767678458.925847,,,,,,,,,,,
11216,,,,15983.026253333,,,,,,,,,,,129761280.0,1767678523.3799403,,,,,,,,,,8378.72,
11218,,,,15983.026284704,,,,,,,,,,,129761280.0,1767678523.3799813,,,,,,31.376032,,,,,
11251,,,,15983.027096254,,,,,,497.0,,,,,130023424.0,1767678555.6609497,,,,,,,,,,,
11264,,,,16083.04655091,,,,,,,,,,,130285568.0,1767678587.9500792,,,,,,,,,,8405.3545,
11324,,18.921913,,16083.04798886,,,,,,,,,,,130809856.0,1767678652.6623673,,,,,,,,,,,
11329,,,,16083.04813898,,,,,,,,,,,500.0,1767678652.662649,,,251.31427,,,,,,,,
11369,,,,16213.072330031,,,,,,,,,,,131334144.0,1767678717.4200473,0.2,,,,,,,,,,
11461,,,,16338.095760869,,,,,1.558544e-05,,,,,,132382720.0,1767678846.1632762,,,,,,,,,,,
11531,,,,16378.106014801,,,,,,,,,,,133169152.0,1767678942.5366647,,,,30.986492,,,,,,,
11634,,,,16563.142408272,,,,,,,,,,0.023659948,134217728.0,1767679071.139619,,,,,,,,,,,
11819,,,,16823.193820542,,,,,,,,,,,136314880.0,1767679327.298841,,,,31.023518,,,,,,,
11859,,,,16823.19453544,,,,2399.0,,,,,,,136577024.0,1767679359.5222404,,,,,,,,,,,
11881,,,,16823.194887659,,,,,,,,,,,523.0,1767679391.9513826,,,251.31427,,,,,,,,
11918,,,,16948.222227453,,,,,,,,,,,137363456.0,1767679456.861165,,,,,,,,,6.2971096,,
11940,,,,16948.222794562,,,,,,,,,,,137625600.0,1767679489.2431934,,0.01304324,,,,,,,,,
11957,,,,16948.223157711,,,,,,,,,,,16864.0,1767679489.2448869,,,,,,,,2399.0,,,
12101,,,,17173.267984548,,,,,,,,,,,17056.0,1767679681.3438663,,,,,,,,2399.0,,,
12115,,,,17173.268272367,,,,,,533.0,,,,,139460608.0,1767679713.5072064,,,,,,,,,,,
12312,,,,17433.323688977,251.46129,,,,,,,,,,141557760.0,1767679970.2060263,,,,,,,,,,,
12380,,20.593832,,17528.346446612,,,,,,,,,,,142344192.0,1767680066.631026,,,,,,,,,,,
12381,241.44247,,,17528.346474462,,,,,,,,,,,142344192.0,1767680066.6312773,,,,,,,,,,,
12417,,,,17578.35439177,,,,,,,1.0655267,,,,142868480.0,1767680130.7125766,,,,,,,,,,,
12438,,,,17658.370092696,,,,,,,,,8093.1978,,143130624.0,1767680163.1252117,,,,,,,,,,,
12472,,,,17658.370925013,,,,,,,,,,,143392768.0,1767680195.4932406,,,,,,,,,,,1.0
12512,,,,17698.378009809,,,,,,,,,,,143917056.0,1767680260.0866685,,,,,,,,,,8435.239,
12524,,20.713793,,17698.378172888,,,,,,,,,,,143917056.0,1767680260.091928,,,,,,,,,,,
12573,241.44247,,,17788.399433353,,,,,,,,,,,144441344.0,1767680324.4013426,,,,,,,,,,,
12607,,,,17883.420461153,,,,,,,,,,,144965632.0,1767680389.5226088,,,,,8388.0625,,,,,,
12621,241.44247,,,17883.420782191,,,,,,,,,,,144965632.0,1767680389.5293715,,,,,,,,,,,
12663,,,,17883.421843924,,,,,,,,2.25e-06,,,145489920.0,1767680454.1489506,,,,,,,,,,,
12728,,,,18013.445749004,,,,,,,,,,,146276352.0,1767680550.812969,,,,,,,,,,8418.699,
12794,,,,18058.456315399,,251.46129,,,,,,,,,17988.0,1767680614.8621826,,,,,,,,,,,
12919,,,,18268.496348184,,,,,,,,,,,148373504.0,1767680808.757234,,,,,8323.224,,,,,,
13033,,,,18368.526725172,,,,,,,,,,,571.0,1767680937.738017,,,251.46129,,,,,,,,
13064,,,,18493.550006165,,,,,,,,,,,149946368.0,1767681001.5839674,,,,,,,,,,8440.819,
13087,,,,18493.550302644,,,,,,,,,,,150208512.0,1767681033.4012973,,,,,8415.692,,,,,,
13092,,,,18493.550361603,,,,,,,,,,,150208512.0,1767681033.4051316,,0.017372113,,,,,,,,,
13111,,,,18493.550575833,,,,,,,,,,,150470656.0,1767681065.8798683,,,,,8341.454,,,,,,
13146,,,,18538.559139959,,,,,,,,,,0.030789457,150732800.0,1767681098.1102185,,,,,,,,,,,
13186,,,,18623.574987132,,,,,,,,,,,151257088.0,1767681162.088564,,,,,,31.254044,,,,,
13284,,,,18748.59686497,,,,,,,,,,,152305664.0,1767681290.0410988,,0.00515138,,,,,,,,,
13325,,,,18778.603381319,,,,,,,,,,,18695.0,1767681321.6362417,,,,,,,,2399.0,,,
13411,,,,18898.628270993,,,,,,587.0,,,,,153616384.0,1767681450.3678308,,,,,,,,,,,
13423,,,,18978.644659208,,,,,,,,,,,153878528.0,1767681482.8027036,,,,,8307.75,,,,,,
13426,,,,18978.644758817,,,,,,,,,,,153878528.0,1767681482.8033051,,,,,,31.554152,,,,,
13433,,,,18978.644956327,,,,,,,,,,,153878528.0,1767681482.8063614,0.2,,,,,,,,,,
13496,,,,19018.653844673,,,,,,,,,,,154664960.0,1767681580.8004286,,,,,,,,,,8315.941,
13498,,,,19018.653888253,,,,,,,,,,,154664960.0,1767681580.8004744,,,,,,31.623806,,,,,
13591,,,,19203.69709482,,,,,,,,,,,155713536.0,1767681710.2239256,,,,,8313.619,,,,,,
13628,,20.958992,,19203.698123796,,,,,,,,,,,155975680.0,1767681742.7503874,,,,,,,,,,,
13647,,,,19203.698487405,,,,,,,,7.59375e-06,,,156237824.0,1767681774.986674,,,,,,,,,,,
13666,,,,19258.708376447,,,,,,,,,,,156499968.0,1767681807.4873614,,,,,,31.440502,,,,,
13669,,,,19258.708408727,,,,,1.1785315e-05,,,,,,156499968.0,1767681807.4891748,,,,,,,,,,,
13711,,,,19333.724548448,,,,,,,,,,,157024256.0,1767681872.1021624,,,,,8343.094,,,,,,
13716,,,,19333.724706517,,,,,,,,,,,157024256.0,1767681872.105024,,0.0040782318,,,,,,,,,
13789,,,,19463.748510041,,,,,1.680402e-05,,,,,,157810688.0,1767681968.7461183,,,,,,,,,,,
13793,,,,19463.748600081,,,,,,,,,,,157810688.0,1767681968.7465737,0.2,,,,,,,,,,
13800,,,,19463.748754051,251.43237,,,,,,,,,,157810688.0,1767681968.7477055,,,,,,,,,,,
13824,,,,19463.749229569,251.43237,,,,,,,,,,158072832.0,1767682001.1107023,,,,,,,,,,,
13841,,,,19463.749572977,,,,,,,,,,,158334976.0,1767682033.4744053,0.2,,,,,,,,,,
13886,,,,19593.774244581,,,,,,,,,,,158859264.0,1767682098.0035028,,,,,,,,,5.5615864,,
13932,,,,19593.774796979,,,,,,,,,,,159383552.0,1767682162.3358757,,0.005311027,,,,,,,,,
13959,,,,19688.794897942,,,,,,,,1.5e-06,,,159645696.0,1767682194.8187068,,,,,,,,,,,
14001,,,,19688.79554277,,,,,,,1.1200722,,,,160169984.0,1767682259.8929625,,,,,,,,,,,
14003,,,,19688.7955778,,,,,,,,,,,160169984.0,1767682259.8932185,,,,31.339632,,,,,,,
14011,,,,19688.795725279,,,,,,612.0,,,,,160169984.0,1767682259.897054,,,,,,,,,,,
14058,,,,19818.820708521,,,,,,,,,,0.02258813,160694272.0,1767682324.8746774,,,,,,,,,,,
14060,,20.961414,,19818.820753141,,,,,,,,,,,160694272.0,1767682324.8751109,,,,,,,,,,,
14062,,,241.46304,19818.820794881,,,,,,,,,,,614.0,1767682324.8753512,,,,,,,,,,,
14096,,,,19818.821633487,,,,,,,,,,,161218560.0,1767682389.1647239,,,,,,,,,,8430.541,
14119,,,,19858.829091573,,,,,,,,,,,161480704.0,1767682421.6340706,,,,,8307.127,,,,,,
14132,,20.957203,,19858.829270121,,,,,,,,,,,161480704.0,1767682421.6436274,,,,,,,,,,,
14198,,,,19948.847753644,,,,,,,,,,,162267136.0,1767682518.7757275,,,,,,,,,5.446477,,
14212,,,,19978.853645821,,,2399.0,,,,,,,,620.0,1767682518.777293,,,,,,,,,,,
14247,,,,20043.867600812,,,,,,,,1.7085937e-05,,,162791424.0,1767682583.4821427,,,,,,,,,,,
14252,,21.437885,,20043.867695451,,,,,,,,,,,162791424.0,1767682583.4828913,,,,,,,,,,,
14310,,,,20173.892348516,,,,,,,,,8142.3496,,163577856.0,1767682680.0957112,,,,,,,,,,,
14312,,,,20173.892444696,,,,,,,,,,,163577856.0,1767682680.0969799,,,,,,,,,,8393.445,
14319,,,,20173.892579325,,,,,,,,2.25e-06,,,163577856.0,1767682680.099421,,,,,,,,,,,
14349,241.46304,,,20173.893054121,,,,,,,,,,,163840000.0,1767682712.3820994,,,,,,,,,,,
14364,,,,20173.893286489,,,,,,,,,,,164102144.0,1767682744.7966647,,0.0036426093,,,,,,,,,
14373,241.46304,,,20173.893410819,,,,,,,,,,,164102144.0,1767682744.7980993,,,,,,,,,,,
14402,,,,20218.900268266,,251.43237,,,,,,,,,20149.0,1767682777.1422873,,,,,,,,,,,
14410,,,,20303.915696168,,,,,,,,,,,164626432.0,1767682809.5208933,,,,,,31.358822,,,,,
14460,,,,20303.916319015,,,,,,,,,,,165150720.0,1767682874.1690166,,0.0060187634,,,,,,,,,
14499,,,,20338.923065195,,,,2399.0,,,,,,,165412864.0,1767682906.5133307,,,,,,,,,,,
14522,,,,20433.941604997,,251.43237,,,,,,,,,20311.0,1767682938.8703496,,,,,,,,,,,
14524,,,,20433.941649467,,,2399.0,,,,,,,,633.0,1767682938.8703845,,,,,,,,,,,
14657,,,,20578.971237231,,,,,,,,,,,167247872.0,1767683133.148186,0.2,,,,,,,,,,
14743,,,,20698.992372806,,,,,,,,,,,168296448.0,1767683261.3138125,,,,,8403.42,,,,,,
14745,,,,20698.992395066,,,,,,,0.98363745,,,,168296448.0,1767683261.314075,,,,,,,,,,,
14776,,,,20789.008978479,,,,,,,,,,,168558592.0,1767683293.3669877,,,,,,,,,,,1.0
14790,,,,20789.009254877,,,,,,,,,8160.063,,168820736.0,1767683325.5074244,,,,,,,,,,,
14834,,,,20789.009975913,,251.43237,,,,,,,,,20729.0,1767683357.8049278,,,,,,,,,,,
14842,,,,20819.014670218,,,,,,,,,,,169345024.0,1767683390.0374017,,,,,,31.20982,,,,,
14913,,,,20914.031455729,,,,,,,0.9941896,,,,170131456.0,1767683486.478993,,,,,,,,,,,
14920,,,,20914.031611558,,,,,,,,,,,170131456.0,1767683486.4810905,,,,,,,,,,,1.0
14985,,,,21014.051086403,,,,,,,1.0034488,,,,170917888.0,1767683583.1444278,,,,,,,,,,,
15027,,,,21059.059997348,,,,2399.0,,,,,,,171180032.0,1767683615.4839637,,,,,,,,,,,
15043,,,,21139.076499192,,,,,,655.0,,,,,171442176.0,1767683647.7016551,,,,,,,,,,,
15055,,,,21139.076676121,,,,,,,,,,,171704320.0,1767683679.9041057,,,,,8409.325,,,,,,
15086,,,,21139.077301828,,,,,,,,,,,171966464.0,1767683712.0571423,,,,,,,,,5.133658,,
15092,,22.474745,,21139.077381738,,,,,,,,,,,171966464.0,1767683712.0582364,,,,,,,,,,,
15141,241.46304,,,21269.1015009,,,,,,,,,,,172490752.0,1767683776.378312,,,,,,,,,,,
15144,,,,21269.101576529,251.43237,,,,,,,,,,172490752.0,1767683776.3783965,,,,,,,,,,,
15171,,,,21269.102163757,,,,2399.0,,,,,,,172752896.0,1767683808.630013,,,,,,,,,,,
15341,,,,21494.14286028,,,,,,,,,,,21405.0,1767684034.1539772,,,,,,,,2399.0,,,
15360,,,,21494.143301738,251.43237,,,,,,,,,,174850048.0,1767684066.4644659,,,,,,,,,,,
15417,,,,21624.170159073,,,,,,,0.99463314,,,,175636480.0,1767684163.4804425,,,,,,,,,,,
15434,,,,21624.17060045,,251.43237,,,,,,,,,21534.0,1767684163.486656,,,,,,,,,,,
15461,,,,21659.175944161,,,,,,,,,,,21567.0,1767684195.6695688,,,,,,,,2399.0,,,
15484,,,,21659.176397818,,,2399.0,,,,,,,,673.0,1767684227.872132,,,,,,,,,,,
15574,,,241.54234,21849.215806976,,,,,,,,,,,677.0,1767684357.2132971,,,,,,,,,,,
15598,,,241.54234,21849.216294663,,,,,,,,,,,678.0,1767684389.4729643,,,,,,,,,,,
15610,,,,21849.216511613,,,,,,,,,,,177733632.0,1767684421.8516278,,,,,,31.332256,,,,,
15657,,,,21979.241970719,,,,,,,1.1257749,,,,178257920.0,1767684486.581629,,,,,,,,,,,
15686,,,,21979.242348519,,,,,,,,,,,178520064.0,1767684518.8365052,,,,,,,,,4.9834366,,
15724,,,,22019.24871292,,,2399.0,,,,,,,,683.0,1767684550.718875,,,,,,,,,,,
15738,,,,22019.248870749,,,,,,,,,,0.017663427,179044352.0,1767684582.7549672,,,,,,,,,,,
15764,,22.201488,,22109.265469455,,,,,,,,,,,179306496.0,1767684614.801636,,,,,,,,,,,
15773,,,,22109.265650055,,,,,,,,,,,21985.0,1767684614.8021266,,,,,,,,2399.0,,,
15813,241.54234,,,22109.266417914,,,,,,,,,,,179830784.0,1767684679.2537322,,,,,,,,,,,
15854,,,,22239.29034414,,,,,,,,,,,180355072.0,1767684743.487121,,,,,,,,,4.9258995,,
15912,,,,22239.291662289,251.50809,,,,,,,,,,180879360.0,1767684808.2701728,,,,,,,,,,,
15941,,,,22334.310132461,,,,,,,,,,,22211.0,1767684840.697161,,,,,,,,2399.0,,,
15956,,22.178608,,22334.310405801,,,,,,,,,,,181403648.0,1767684872.765245,,,,,,,,,,,
16076,,22.031136,,22464.334927652,,,,,,,,,,,182714368.0,1767685034.619832,,,,,,,,,,,
16275,,,,22744.389631559,,,,2399.0,,,,,,,184811520.0,1767685293.6298,,,,,,,,,,,
16282,,,,22819.401694597,,,,,,,,,,,185073664.0,1767685325.8419595,,,,,,31.40113,,,,,
16333,,,,22819.402982694,,,,,2.5963907e-05,,,,,,185597952.0,1767685389.9893947,,,,,,,,,,,
16372,,,,22864.412081691,,,2399.0,,,,,,,,710.0,1767685422.3254626,,,,,,,,,,,
16434,,,,22949.425641474,,,,,,,,,,0.02082528,186646528.0,1767685518.691311,,,,,,,,,,,
16474,,,,23074.450109551,,,,,,,,,,,187170816.0,1767685582.9774992,,,,,,31.330946,,,,,
16495,,,,23074.45044069,,,,,,,,,,,187432960.0,1767685615.1277497,,,,,8424.086,,,,,,
16644,,,,23299.500161999,,,,,,,,,,,189005824.0,1767685807.9970326,,0.009985987,,,,,,,,,
16648,,,,23299.500204258,,,,,,,,,,,189005824.0,1767685807.9977303,,,,,,,,,,,1.0
16654,,,241.54234,23299.500268158,,,,,,,,,,,722.0,1767685807.9986997,,,,,,,,,,,
16725,241.54234,,,23344.507815106,,,,,,,,,,,189792256.0,1767685904.4693167,,,,,,,,,,,
16740,,,,23429.52789779,,,,,,,,,,,190054400.0,1767685936.8763127,,0.027278062,,,,,,,,,
16747,,,,23429.528049029,,,,,,726.0,,,,,190054400.0,1767685936.8773317,,,,,,,,,,,
16868,,21.92103,,23559.553693777,,,,,,,,,,,191365120.0,1767686098.1003728,,,,,,,,,,,
16874,,,,23559.553816666,,251.50809,,,,,,,,,23468.0,1767686098.1008902,,,,,,,,,,,
16881,,,,23559.553964716,,,,,,,0.88125145,,,,191627264.0,1767686130.3408246,,,,,,,,,,,
16902,,,,23654.571257381,,,,,,,,,8118.9287,,191889408.0,1767686162.6492145,,,,,,,,,,,
16917,241.54234,,,23654.571676099,,,,,,,,,,,191889408.0,1767686162.6554372,,,,,,,,,,,
16958,,,,23654.572405146,,,,,,,,,,,192413696.0,1767686227.0830703,,,,,,,,,4.538662,,
17014,,,241.54234,23784.596323116,,,,,,,,,,,737.0,1767686291.5774148,,,,,,,,,,,
17029,,,,23784.596626325,,,,,2.4340508e-05,,,,,,193200128.0,1767686323.7299075,,,,,,,,,,,
17047,,,,23784.597085504,,,,,,,,,,,193462272.0,1767686355.9067898,,,,,8417.926,,,,,,
17048,,,,23784.597115453,,,,,,,,,,,193462272.0,1767686355.9068305,,,,,,,,,,8441.523,
17050,,,,23784.597176293,,,,,,,,,,,193462272.0,1767686355.9070535,,,,,,31.141163,,,,,
17189,,,,24009.641236602,,,,,,,,,,,23886.0,1767686516.2547898,,,,,,,,2399.0,,,
17213,,,,24009.641695631,,,,,,,,,,,23917.0,1767686548.1583424,,,,,,,,2399.0,,,
17226,,,,24009.64196302,,,,,,,,,,0.054913074,195297280.0,1767686580.4861202,,,,,,,,,,,
17282,,,,24139.66432425,,251.50809,,,,,,,,,24014.0,1767686644.9738848,,,,,,,,,,,
17302,,,241.54234,24139.664754089,,,,,,,,,,,749.0,1767686677.3497598,,,,,,,,,,,
17404,,,,24269.690050759,,,2399.0,,,,,,,,753.0,1767686806.6279025,,,,,,,,,,,
17440,,,,24304.69738608,,,,,,,,,,,197656576.0,1767686871.2816048,,,,,,,,,,,1.0
17493,241.58894,,,24399.714413187,,,,,,,,,,,198180864.0,1767686935.980148,,,,,,,,,,,
17604,,,,24544.743402846,,,,,,,,,,,199491584.0,1767687097.7122471,,0.0036133658,,,,,,,,,
17649,,,,24624.760637901,,,,,,,1.0305252,,,,200015872.0,1767687162.5664558,,,,,,,,,,,
17689,,,,24624.761427558,,,,,,,,,,,765.0,1767687195.1357226,,,251.55562,,,,,,,,
17700,,,,24664.76728361,,,,,,,,,,,200540160.0,1767687227.6817348,,0.008608589,,,,,,,,,
17723,,,,24754.783902809,,,,,,,,,,,200802304.0,1767687260.044482,,,,31.247519,,,,,,,
17745,,,,24754.784399308,,,,,,,1.005393,,,,201064448.0,1767687292.388143,,,,,,,,,,,
17786,,,,24754.785245865,,251.55562,,,,,,,,,24693.0,1767687324.9864302,,,,,,,,,,,
17871,,,,24904.811806143,,,,,,,,1.7085937e-05,,,202375168.0,1767687454.5800657,,,,,,,,,,,
17881,,,,24904.812001752,,,,,,,,,,,773.0,1767687454.581085,,,251.55562,,,,,,,,
18004,,,,25109.853277187,,,2399.0,,,,,,,,778.0,1767687616.7901838,,,,,,,,,,,
18027,,,,25109.853721205,,,,2399.0,,,,,,,203948032.0,1767687649.2602925,,,,,,,,,,,
18051,,,,25144.858735187,,,,2399.0,,,,,,,204210176.0,1767687681.6844893,,,,,,,,,,,
18174,,,,25339.897498384,,,,,,,,,8072.861,,205783040.0,1767687877.2590585,,,,,,,,,,,
18258,,,,25469.922683836,,,,,,,,,,0.016535107,206569472.0,1767687974.2387445,,,,,,,,,,,
18266,,,,25469.922836256,,251.55562,,,,,,,,,25342.0,1767687974.2393997,,,,,,,,,,,
18288,,,,25469.923259984,251.55562,,,,,,,,,,206831616.0,1767688006.292418,,,,,,,,,,,
18309,241.58894,,,25469.923537453,,,,,,,,,,,207093760.0,1767688038.5609949,,,,,,,,,,,
18428,,22.359678,,25694.961613386,,,,,,,,,,,208404480.0,1767688199.782096,,,,,,,,,,,
18433,,,,25694.961707526,,,,,,,,,,,796.0,1767688199.782391,,,251.55562,,,,,,,,
18476,,22.417866,,25694.962563213,,,,,,,,,,,208928768.0,1767688264.9682128,,,,,,,,,,,
18515,,,,25824.988763422,,,,,,,,,,,209453056.0,1767688330.532491,,,,31.65673,,,,,,,
18617,,,,25955.013507998,,,,,,,,,,,210501632.0,1767688461.6403813,0.2,,,,,,,,,,
18618,,,,25955.013542228,,,,,,,,,,0.017324433,210501632.0,1767688461.640893,,,,,,,,,,,
18624,,,,25955.013742347,251.55562,,,,,,,,,,210501632.0,1767688461.641722,,,,,,,,,,,
18633,,,,25955.014081906,,,,,,,1.0152434,,,,210763776.0,1767688494.2053304,,,,,,,,,,,
18665,,,,25955.014968013,,,,,,,,,,,211025920.0,1767688526.5655417,0.2,,,,,,,,,,
18686,,,,26055.033089699,,,,,,,,,,,211288064.0,1767688559.406636,,,,,,,,,3.95847,,
18758,,,,26105.043402689,,,,,,,,,,,212074496.0,1767688657.8557901,,,,,,,,,3.9425614,,
18786,,,,26185.056906917,,,,,,,,,,0.030668061,212336640.0,1767688690.054325,,,,,,,,,,,
18811,,,,26185.057272402,,,,,,812.0,,,,,212598784.0,1767688722.221929,,,,,,,,,,,
18829,,,,26185.057616917,,,,,2.8749548e-05,,,,,,212860928.0,1767688754.2804022,,,,,,,,,,,
18845,,,,26225.064656699,,,,,,,,,,,26122.0,1767688754.2823086,,,,,,,,2399.0,,,
18985,,,,26410.099109156,,,,,,,,,,,819.0,1767688949.4051747,,,251.55562,,,,,,,,
19186,,,,26670.149820508,,,,,,,,,,,216793088.0,1767689243.5078976,,,,,,31.702726,,,,,
19207,,,,26705.156780262,,,,,,,,,,,217055232.0,1767689276.2941504,,,,,8250.336,,,,,,
19276,,,,26800.172889078,,,2399.0,,,,,,,,831.0,1767689341.190267,,,,,,,,,,,
19283,,,,26800.173233596,,,,,,,,,,,217841664.0,1767689373.6376245,,,,31.320274,,,,,,,
19389,241.655,,,26945.200417306,,,,,,,,,,,218890240.0,1767689503.437016,,,,,,,,,,,
19454,,,,27030.217085631,,,,,,,,,,,219676672.0,1767689600.7042742,,,,,,,,,3.7704782,,
19461,241.655,,,27030.217203201,,,,,,,,,,,219676672.0,1767689600.7054467,,,,,,,,,,,
19488,,,,27065.22483282,251.62823,,,,,,,,,,219938816.0,1767689632.936305,,,,,,,,,,,
19517,,,,27160.244111207,,,,,,,,,,,27032.0,1767689665.1517348,,,,,,,,2399.0,,,
19519,,,,27160.244147377,,,,,,,,,,,220463104.0,1767689697.387883,,,,,8368.838,,,,,,
19635,,,,27305.272468592,,,,2399.0,,,,,,,221511680.0,1767689826.6199877,,,,,,,,,,,
19647,,,,27305.27274299,,,,,,,,3.375e-06,,,221773824.0,1767689858.9391747,,,,,,,,,,,
19683,,,,27385.287983152,,,,2399.0,,,,,,,222035968.0,1767689891.3210793,,,,,,,,,,,
19693,,,,27385.288114172,,,,,3.3744116e-05,,,,,,222298112.0,1767689923.693878,,,,,,,,,,,
19772,,21.307941,,27515.31329393,,,,,,,,,,,223084544.0,1767690020.6765702,,,,,,,,,,,
19846,,,241.655,27610.333322796,,,,,,,,,,,855.0,1767690118.7485466,,,,,,,,,,,
19941,241.655,,,27740.356429928,,,,,,,,,,,224919552.0,1767690247.952939,,,,,,,,,,,
20013,241.655,,,27785.365268796,,,,,,,,,,,225705984.0,1767690345.2858646,,,,,,,,,,,
20018,,,,27785.365339076,,251.62823,,,,,,,,,27712.0,1767690345.2860708,,,,,,,,,,,
20194,,,,28100.426594309,,,,,,,,,,,227803136.0,1767690605.1522756,,,,,,31.449423,,,,,
20250,,,,28100.427662807,,,,,,,,,,0.030542672,228327424.0,1767690670.0073028,,,,,,,,,,,
20332,,,,28230.449162183,,,2399.0,,,,,,,,875.0,1767690768.0535266,,,,,,,,,,,
20372,,21.242962,,28265.457359047,,,,,,,,,,,229638144.0,1767690833.6661263,,,,,,,,,,,
20485,,,,28455.495970981,,,,,3.3604323e-05,,,,,,230948864.0,1767690996.3915708,,,,,,,,,,,
20667,,,,28720.549635729,,,,2399.0,,,,,,,232783872.0,1767691224.1455286,,,,,,,,,,,
20710,,,241.655,28720.550610669,,,,,,,,,,,891.0,1767691289.1579735,,,,,,,,,,,
20821,,,,28945.590795687,,,,,2.8169005e-05,,,,,,234618880.0,1767691451.3918257,,,,,,,,,,,
20825,,,,28945.590880457,,,,,,,,,,,234618880.0,1767691451.3922322,0.2,,,,,,,,,,
20889,,,,28985.59952632,,,,,,,1.1193016,,,,235405312.0,1767691549.4661655,,,,,,,,,,,
20910,,,,29075.616380188,,,,,,,,,7986.9424,,235667456.0,1767691582.308629,,,,,,,,,,,
20920,,,,29075.616552398,,,,,,,,,,,235667456.0,1767691582.3149416,,,,,,,,,,,1.0
20938,,,,29075.616842348,,,,,,,,,,,235929600.0,1767691614.907032,,,,,,31.763975,,,,,
20970,,,,29075.617515527,,,,,,,,,,0.028347537,236191744.0,1767691647.3436065,,,,,,,,,,,
20979,,,,29105.622775324,,,,2399.0,,,,,,,236191744.0,1767691647.344656,,,,,,,,,,,
21097,,,,29300.658600034,,,,,,,,,,,907.0,1767691809.3045797,,,251.64958,,,,,,,,
21121,,,,29300.659091713,,,,,,,,,,,908.0,1767691841.430035,,,251.64958,,,,,,,,
21137,,,,29300.659391732,,,,,,,,,,,238026752.0,1767691873.9415495,0.2,,,,,,,,,,
21139,,,,29300.659429152,,,,,,909.0,,,,,238026752.0,1767691873.941833,,,,,,,,,,,
21207,,,,29435.687003147,,,,,,,,1.7085937e-05,,,238813184.0,1767691971.652967,,,,,,,,,,,
21223,,,,29435.687329357,,,,,,,,,,,239075328.0,1767692004.3830204,,,,,8303.159,,,,,,
21378,,,,29660.72906801,,,,,,,,,,0.028562374,240648192.0,1767692199.4072075,,,,,,,,,,,
21407,,,,29660.729829948,,,,,,,,,,,29597.0,1767692231.880773,,,,,,,241.67365,,,,
21470,,,,29790.75146821,,,,,,,,,,,241696768.0,1767692328.7811983,,,,,,,,,3.123629,,
21471,,,,29790.75148021,,,,,,,,1e-06,,,241696768.0,1767692328.7812352,,,,,,,,,,,
21500,,18.428677,,29790.751888398,,,,,,,,,,,241958912.0,1767692361.318632,,,,,,,,,,,
21517,,,,29825.759614545,,,,,3.2252054e-05,,,,,,242221056.0,1767692393.7678297,,,,,,,,,,,
21599,,,,29920.777378677,,,,,,,,,,,29854.0,1767692489.5253327,,,,,,,241.67365,,,,
21614,,,,30015.79541741,,,,,,,,,,,243269632.0,1767692521.2274566,,,,,,,,,3.0880094,,
21705,,,,30145.822517943,,,,,,,0.5831963,,,,244318208.0,1767692650.255111,,,,,,,,,,,
21801,,,,30275.846527807,,,,,,,0.79603636,,,,245366784.0,1767692781.09119,,,,,,,,,,,
21937,,,,30405.871959237,,,,,,,,,,,942.0,1767692944.2414389,,,251.64958,,,,,,,,
21951,,,,30405.872133586,,,,,,,,3.844336e-05,,,246939648.0,1767692976.7444427,,,,,,,,,,,
21960,,,,30405.872243666,251.64958,,,,,,,,,,246939648.0,1767692976.7460063,,,,,,,,,,,
22004,,18.08151,,30500.890936095,,,,,,,,,,,247463936.0,1767693041.6027074,,,,,,,,,,,
22018,,,,30500.891183983,,,,,,,,,,,247726080.0,1767693074.1224763,,,,,,31.567036,,,,,
22023,,,,30500.891273093,,,,,,,,1e-06,,,247726080.0,1767693074.1267319,,,,,,,,,,,
22124,,18.074057,,30630.917450902,,,,,,,,,,,248774656.0,1767693204.154127,,,,,,,,,,,
22135,,,,30670.924963309,,,,,,,,,,,249036800.0,1767693236.4717653,,,,,8322.063,,,,,,
22140,,,,30670.925056109,,,,,,,,,,,249036800.0,1767693236.476422,,0.0045183804,,,,,,,,,
22233,,,,30860.960191052,,,,,,,0.663277,,,,250085376.0,1767693366.1385663,,,,,,,,,,,
22288,,,,30860.961319817,,,,,,,,,,,250609664.0,1767693430.6788657,,,,,,,,,,,1.0
22430,,,,31121.007455392,,,,,,,,,,,252182528.0,1767693625.2599468,,,,,,,,,2.8091078,,
22467,,,,31121.008018649,,,,2399.0,,,,,,,252444672.0,1767693657.7915516,,,,,,,,,,,
22531,,,,31216.025377035,,,,,,967.0,,,,,253231104.0,1767693754.8986764,,,,,,,,,,,
22700,,18.179218,,31476.074965595,,,,,,,,,,,255066112.0,1767693982.3847046,,,,,,,,,,,
22702,,,241.67365,31476.075007055,,,,,,,,,,,974.0,1767693982.3850427,,,,,,,,,,,
22706,,,,31476.075157404,,251.64958,,,,,,,,,31346.0,1767693982.3851213,,,,,,,,,,,
22829,,,,31606.104060008,,,,,,,,,,,31508.0,1767694144.80202,,,,,,,,2399.0,,,
22890,,,,31706.119548418,,,,,,,,,,0.015139062,257163264.0,1767694242.477282,,,,,,,,,,,
22908,,,,31706.119928556,,,,,,,,,,,257425408.0,1767694275.058607,,0.018115617,,,,,,,,,
23003,,,,31836.144270228,,,,,,,,,,,258473984.0,1767694405.555541,,,,31.700844,,,,,,,
23014,,,241.40746,31836.144485097,,,,,,,,,,,987.0,1767694405.5617344,,,,,,,,,,,
23065,,,,31966.167906108,,,,,,,,,,,989.0,1767694470.6112428,,,251.3682,,,,,,,,
23066,,,,31966.167932868,,251.3682,,,,,,,,,31834.0,1767694470.6112618,,,,,,,,,,,
23069,,,,31966.168022717,,,,,,,,,,,31834.0,1767694470.6113114,,,,,,,,2399.0,,,
23151,,,,32061.188839499,,,,,,,,3.375e-06,,,260046848.0,1767694600.0231721,,,,,,,,,,,
23154,,,,32061.188925109,,,,,,,,,,0.01948746,260046848.0,1767694600.0235567,,,,,,,,,,,
23214,,,,32191.212925995,,,,,,,,,7996.4478,,260833280.0,1767694698.1083448,,,,,,,,,,,
23215,,,,32191.213012264,,,,,,,,,,,260833280.0,1767694698.109103,,,,,8249.203,,,,,,
23241,,,,32191.213602331,,,,,,,0.99416,,,,261095424.0,1767694730.8457556,,,,,,,,,,,
